,Tone_Engagement,Day_Engagement,Time_Engagement,Length_Engagement
0-50,,,,
101-150,,,,13.183333333333335
151-200,,,,12.02
200+,,,,62.3
51-100,,,,32.266666666666666
Educational,28.7,,,
Evening,,,19.886666666666667,
Friday,,12.75,,
Monday,,18.160000000000004,,
Personal,20.9125,,,
Professional,1.7000000000000002,,,
Promotional,24.725,,,
Saturday,,0.7000000000000001,,
Tuesday,,37.56666666666666,,
Wednesday,,17.15,,
